한글표기,위중증_합계,위중증1일,치명(%),완치(%),발생률,인구수,확진자_합계,확진자1일,사망자_합계,사망자1일,완치_합계,완치1일,kr_code,en_code,백신보유량,인구당_백신보유율,1차접종,2차접종,일별접종수,국가코드,대륙
미국,20920.0,-376.0,1.6,76.1,133861,331002651,44201900,146208.0,713969,2747.0,113744.0,113744.0,미국,U.S.,392909980.0,61.4,64.6,55.6,725777.0,US,북미
인도,8944.0,,1.3,97.8,24468,1380004385,33761481,42497.0,448303,475.0,44436.0,44436.0,인도,India,890038700.0,32.5,47.2,17.1,6966795.0,IN,아시아
브라질,8318.0,,2.8,95.4,100805,212559417,21399546,17756.0,596163,643.0,21458.0,21458.0,브라질,Brazil,234674910.0,56.8,71.5,42.3,1332519.0,BR,중남미
영국,826.0,-5.0,1.8,81.0,115002,67886011,7771294,35059.0,136525,150.0,36884.0,36884.0,영국,U.K.,93696490.0,70.1,73.1,67.2,63684.0,GB,유럽
터키,633.0,,0.9,92.4,84825,84339067,7124966,29386.0,63838,227.0,31018.0,31018.0,터키,Turkey,109525624.0,65.9,64.8,53.5,373487.0,TR,유럽
프랑스,1609.0,,1.7,96.5,107447,65273511,7008228,5835.0,116657,42.0,10927.0,10927.0,프랑스,France,94573790.0,72.9,77.5,74.8,248504.0,FR,유럽
이란,5093.0,-923.0,2.2,90.1,66518,83992949,5587040,14078.0,120428,268.0,22019.0,22019.0,이란,Iran,51950784.0,31.2,43.6,18.8,953168.0,IR,중동
아르헨티나,1160.0,-24.0,2.2,97.4,116314,45195774,5255261,1496.0,115130,92.0,1190.0,1190.0,아르헨티나,Argentina,51773290.0,57.6,65.9,49.3,213630.0,AR,중남미
스페인,731.0,-40.0,1.7,95.8,106066,46754778,4956691,2761.0,86397,39.0,5103.0,5103.0,스페인,Spain,70083820.0,75.4,81.1,78.8,63084.0,ES,유럽
콜롬비아,542.0,,2.5,96.8,97425,50882891,4955848,1472.0,126261,42.0,1992.0,1992.0,콜롬비아,Colombia,40168280.0,39.9,51.7,33.1,185394.0,CO,중남미
이탈리아,450.0,-9.0,2.8,95.1,77278,60461826,4668261,3212.0,130870,63.0,6042.0,6042.0,이탈리아,Italy,84757630.0,70.2,74.7,74.8,203654.0,IT,유럽
독일,1435.0,,2.2,94.2,50627,83783942,4233907,12576.0,94207,67.0,,,독일,Germany,107653600.0,64.8,68.0,64.5,186276.0,DE,유럽
인도네시아,,,3.4,95.8,15410,273523615,4215104,1690.0,141939,113.0,2848.0,2848.0,인도네시아,Indonesia,142192370.0,26.6,33.7,18.9,1737233.0,ID,아시아
멕시코,4798.0,,7.6,82.3,28351,128932753,3655395,9796.0,276972,596.0,7899.0,7899.0,멕시코,Mexico,100516960.0,39.4,49.9,35.5,427607.0,MX,중남미
폴란드,172.0,-2.0,2.6,91.6,76812,37846611,2907071,1205.0,75650,27.0,352.0,352.0,폴란드,Poland,37212956.0,49.0,52.2,51.1,19980.0,PL,유럽
필리핀,3170.0,,1.5,93.1,23270,109581078,2549966,14234.0,38294,130.0,8149.0,8149.0,필리핀,Philippines,45147576.0,21.0,25.2,22.4,355457.0,PH,아시아
우크라이나,177.0,,2.3,93.1,55412,43733762,2423379,11757.0,56274,194.0,3839.0,3839.0,우크라이나,Ukraine,18235448.0,21.8,30.2,13.5,158539.0,UA,유럽
말레이시아,978.0,-7.0,1.2,91.2,69384,32365999,2232960,12434.0,26143,208.0,17000.0,17000.0,말레이시아,Malaysia,43367580.0,66.6,71.7,61.7,304623.0,MY,아시아
페루,1025.0,4.0,9.2,,65975,32971854,2175305,1086.0,199367,38.0,,,페루,Peru,26327868.0,39.7,47.4,32.0,239333.0,PE,중남미
이라크,482.0,-15.0,1.1,95.4,49806,40222493,2003303,2434.0,22260,39.0,3497.0,3497.0,이라크,Iraq,7608508.0,9.7,12.0,7.5,26701.0,IQ,중동
네덜란드,152.0,-3.0,0.9,,116899,17134872,2003050,1703.0,18170,2.0,,,네덜란드,Netherlands,23585124.0,68.4,74.4,66.9,20723.0,NL,유럽
일본,936.0,-66.0,1.0,97.1,13456,126476461,1701897,1571.0,17666,41.0,4904.0,4904.0,일본,Japan,163738220.0,64.9,70.3,59.5,1138904.0,JP,아시아
칠레,378.0,-8.0,2.3,97.3,86537,19116201,1654264,858.0,37468,13.0,505.0,505.0,칠레,Chile,31887444.0,83.4,79.4,73.9,110980.0,CL,중남미
캐나다,776.0,,1.7,95.5,42945,37742154,1620126,4267.0,27819,65.0,4621.0,4621.0,캐나다,Canada,56166788.0,74.8,76.2,70.6,91010.0,CA,북미
태국,3324.0,,1.0,91.7,22972,69799978,1603475,11646.0,16727,107.0,10887.0,10887.0,태국,Thailand,49681430.0,35.7,45.4,26.0,609736.0,TH,아시아
방글라데시,1355.0,-53.0,1.8,97.4,9448,164689383,1555911,860.0,27510,23.0,979.0,979.0,방글라데시,Bangladesh,48225450.0,14.5,18.9,10.0,2266632.0,BD,아시아
이스라엘,639.0,-20.0,0.6,95.6,148139,8655535,1279209,3804.0,7734,42.0,9147.0,9147.0,이스라엘,Israel,15159823.0,83.7,67.5,62.3,46100.0,IL,중동
파키스탄,3768.0,-180.0,2.2,93.9,5637,220892340,1245127,1742.0,27729,39.0,2377.0,2377.0,파키스탄,Pakistan,80508570.0,19.7,28.5,13.4,763207.0,PK,아시아
벨기에,207.0,1.0,2.1,92.8,107236,11589623,1242821,2589.0,25595,14.0,1386.0,1386.0,벨기에,Belgium,16707583.0,72.9,74.9,73.4,22819.0,BE,유럽
루마니아,1364.0,44.0,3.0,90.7,64128,19237691,1233668,12032.0,37041,176.0,8274.0,8274.0,루마니아,Romania,10237524.0,26.4,28.4,27.6,34345.0,RO,유럽
스웨덴,37.0,,1.3,,114155,10099265,1152886,859.0,14822,8.0,,,스웨덴,Sweden,13749771.0,66.6,69.3,63.6,25773.0,SE,유럽
세르비아,241.0,-2.0,0.9,85.3,107811,8737371,941989,7549.0,8234,47.0,5416.0,5416.0,세르비아,Serbia,6477199.0,46.5,43.6,41.6,17794.0,RS,유럽
모로코,459.0,-39.0,1.5,97.1,25279,36910560,931973,1082.0,14248,23.0,1774.0,1774.0,모로코,Morocco,41099860.0,57.7,62.7,52.8,284169.0,MA,중동
카자흐스탄,221.0,,1.3,92.8,47127,18776707,884886,2252.0,11178,36.0,2271.0,2271.0,카자흐스탄,Kazakhstan,14168795.0,38.0,40.8,34.9,56149.0,KZ,아시아
쿠바,401.0,-20.0,0.8,95.9,77466,11326616,877428,5003.0,7436,58.0,7124.0,7124.0,쿠바,Cuba,20788248.0,91.7,81.7,44.0,244895.0,CU,중남미
스위스,175.0,-11.0,1.3,91.5,97099,8654622,840359,1141.0,11097,10.0,2695.0,2695.0,스위스,Switzerland,10414069.0,60.9,64.6,58.7,26275.0,CH,유럽
요르단,465.0,-15.0,1.3,97.2,80752,10203134,822892,1052.0,10710,7.0,1109.0,1109.0,요르단,Jordan,7002305.0,34.8,36.8,32.5,17071.0,JO,중동
헝가리,87.0,6.0,3.7,95.4,85163,9660351,822705,633.0,30190,5.0,551.0,551.0,헝가리,Hungary,11167215.0,57.1,60.2,57.8,5617.0,HU,유럽
네팔,,,1.4,96.3,27287,29136808,795061,898.0,11135,12.0,911.0,911.0,네팔,Nepal,13742124.0,24.1,25.4,21.9,226872.0,NP,아시아
베트남,,,2.4,77.0,8124,97338579,790755,11357.0,19301,203.0,25322.0,25322.0,베트남,Vietnam,41153040.0,21.3,33.4,9.3,702595.0,VN,아시아
오스트리아,220.0,-6.0,1.5,95.8,82507,9006398,743095,2049.0,11009,11.0,1775.0,1775.0,오스트리아,Austria,10831184.0,61.1,64.7,61.1,10921.0,AT,유럽
튀니지,295.0,,3.5,95.4,59837,11818619,706314,,24842,,,,튀니지,Tunisia,8027352.0,34.1,42.7,32.3,104213.0,TN,중동
그리스,323.0,1.0,2.3,93.0,62915,10423054,653535,2157.0,14795,44.0,,,그리스,Greece,12133980.0,56.6,60.1,57.1,21506.0,GR,유럽
레바논,200.0,,1.3,95.1,91456,6825445,623609,626.0,8316,10.0,765.0,765.0,레바논,Lebanon,3038896.0,22.2,24.2,20.1,12103.0,LB,중동
조지아,,,1.5,95.4,153669,3989167,613012,1743.0,8946,29.0,2266.0,2266.0,조지아,Georgia,1774769.0,23.8,26.3,21.4,12538.0,GE,유럽
과테말라,5.0,,2.4,92.5,31275,17915568,557244,3955.0,13525,72.0,3739.0,3739.0,과테말라,Guatemala,6904008.0,19.6,25.3,13.5,68566.0,GT,중남미
사우디아라비아,212.0,-12.0,1.6,98.0,15716,34813871,547134,44.0,8716,3.0,53.0,53.0,사우디아라비아,Saudi Arabia,42106416.0,61.8,68.6,54.9,106478.0,SA,중동
코스타리카,440.0,-9.0,1.2,82.4,104470,5094118,530113,2036.0,6349,33.0,10192.0,10192.0,코스타리카,Costa Rica,5596495.0,55.1,64.5,39.5,45438.0,CR,중남미
스리랑카,,,2.5,88.5,24162,21413249,516465,941.0,12847,61.0,770.0,770.0,스리랑카,Sri Lanka,26233218.0,60.2,66.4,53.7,127671.0,LK,아시아
불가리아,458.0,9.0,4.2,87.1,72270,6948445,500112,2142.0,20812,87.0,1306.0,1306.0,불가리아,Bulgaria,2530744.0,18.2,17.4,19.0,6454.0,BG,유럽
볼리비아,220.0,,3.7,91.9,42842,11673021,500090,442.0,18726,10.0,574.0,574.0,볼리비아,Bolivia,6729706.0,29.1,36.8,28.2,29659.0,BO,중남미
아제르바이잔,,,1.3,94.6,47726,10139177,483128,1727.0,6513,37.0,4176.0,4176.0,아제르바이잔,Azerbaijan,8485952.0,42.5,47.5,37.5,54153.0,AZ,아시아
파나마,61.0,,1.5,97.7,108198,4314767,466851,262.0,7223,4.0,364.0,364.0,파나마,Panama,5367816.0,63.6,69.7,57.5,16408.0,PA,중남미
미얀마,,,3.8,90.1,8529,54409800,462608,1542.0,17682,51.0,1551.0,1551.0,미얀마,Myanmar,10935671.0,10.3,13.6,7.1,241757.0,MM,아시아
파라과이,15.0,-6.0,3.5,96.3,64489,7132538,459948,49.0,16195,2.0,98.0,98.0,파라과이,Paraguay,4488153.0,31.4,36.7,26.1,10182.0,PY,중남미
슬로바키아,120.0,1.0,3.1,94.0,75556,5459642,412507,1427.0,12637,17.0,370.0,370.0,슬로바키아,Slovakia,4772359.0,43.8,44.9,41.3,5374.0,SK,유럽
쿠웨이트,9.0,-1.0,0.6,99.2,96393,4270571,411605,33.0,2448,,40.0,40.0,쿠웨이트,Kuwait,2380000.0,25.1,56.2,19.4,12990.0,KW,중동
크로아티아,94.0,-5.0,2.1,95.7,98603,4105267,404790,1710.0,8640,12.0,924.0,924.0,크로아티아,Croatia,3428029.0,42.1,44.7,41.9,5604.0,HR,유럽
우루과이,16.0,3.0,1.6,98.1,111963,3473730,388822,122.0,6054,1.0,130.0,130.0,우루과이,Uruguay,6255460.0,88.9,77.7,73.0,18210.0,UY,중남미
아일랜드,60.0,-3.0,1.4,88.1,78969,4937786,388665,1447.0,5249,40.0,1206.0,1206.0,아일랜드,Ireland,7213100.0,72.9,76.2,74.3,7958.0,IE,유럽
온두라스,418.0,,2.7,30.2,36952,9904607,365994,735.0,9777,22.0,382.0,382.0,온두라스,Honduras,5196072.0,26.6,32.8,20.4,46577.0,HN,중남미
덴마크,18.0,2.0,0.7,97.9,61945,5792202,358796,427.0,2656,2.0,317.0,317.0,덴마크,Denmark,8823891.0,76.0,76.7,75.3,3989.0,DK,유럽
도미니카 공화국,166.0,10.0,1.1,97.4,33098,10847910,358455,473.0,4046,5.0,304.0,304.0,도미니카 공화국,Dominican Republic,11889265.0,57.4,58.4,55.5,21084.0,DO,중남미
리비아,,,1.4,76.3,49493,6871292,340084,815.0,4651,15.0,1000.0,1000.0,리비아,Libya,1586055.0,12.1,21.0,3.1,14854.0,LY,중동
리투아니아,215.0,1.0,1.5,91.4,121840,2722289,331683,1814.0,4993,28.0,1182.0,1182.0,리투아니아,Lithuania,3214538.0,57.8,62.7,57.9,1486.0,LT,유럽
몽골,192.0,,0.4,95.8,92757,3278290,304084,2650.0,1277,19.0,,,몽골,Mongolia,4662652.0,70.7,68.3,64.6,13034.0,MN,아시아
이집트,90.0,,5.7,84.4,2969,102334404,303783,738.0,17294,31.0,809.0,809.0,이집트,Egypt,16223309.0,8.2,10.6,5.7,428187.0,EG,중동
오만,17.0,-3.0,1.3,98.0,59485,5106626,303769,31.0,4096,,286.0,286.0,오만,Oman,6374064.0,76.0,90.1,61.9,435460.0,OM,중동
슬로베니아,73.0,-1.0,1.6,94.1,141112,2078938,293364,1031.0,4561,5.0,1321.0,1321.0,슬로베니아,Slovenia,2128388.0,52.5,54.4,48.5,6176.0,SI,유럽
몰도바,166.0,-8.0,2.3,94.4,72978,4033963,292839,1587.0,6753,21.0,1230.0,1230.0,몰도바,Moldova,1401428.0,26.1,23.0,29.3,3636.0,MD,유럽
바레인,5.0,,0.5,99.2,161648,1701575,274981,56.0,1389,,102.0,102.0,바레인,Bahrain,2582168.0,87.0,78.5,75.3,5479.0,BH,중동
아르메니아,,,2.0,92.4,88314,2963243,261697,1022.0,5319,20.0,650.0,650.0,아르메니아,Armenia,408535.0,6.9,8.9,4.8,5965.0,AM,아시아
케냐,66.0,-26.0,2.1,96.8,4639,53771296,249434,664.0,5123,7.0,340.0,340.0,케냐,Kenya,3761876.0,4.0,5.9,1.9,36291.0,KE,아프리카
카타르,15.0,,0.3,99.2,82138,2881053,236643,85.0,606,1.0,91.0,91.0,카타르,Qatar,4712907.0,84.3,84.4,79.4,4463.0,QA,중동
잠비아,25.0,,1.7,98.0,11371,18383955,209002,90.0,3648,1.0,29.0,29.0,잠비아,Zambia,720260.0,2.0,1.8,2.2,4571.0,ZM,아프리카
나이지리아,11.0,,1.3,94.2,998,206139589,205484,437.0,2701,6.0,222.0,222.0,나이지리아,Nigeria,6552979.0,1.6,2.3,0.9,74489.0,NG,아프리카
알제리,14.0,,2.9,68.5,4637,43851044,203198,153.0,5805,8.0,118.0,118.0,알제리,Algeria,14082920.0,16.2,13.9,9.3,292376.0,DZ,중동
노르웨이,23.0,,0.5,47.1,34942,5421241,188850,555.0,861,,,,노르웨이,Norway,7795659.0,72.8,77.5,68.0,14534.0,NO,유럽
키르기스스탄,131.0,,1.5,97.0,27365,6524195,178532,88.0,2607,2.0,104.0,104.0,키르기스스탄,Kyrgyzstan,1448417.0,11.3,12.9,9.7,10372.0,KG,아시아
보츠와나,1.0,,1.3,97.2,76211,2351627,178050,,2367,,,,보츠와나,Botswana,606699.0,12.8,17.2,9.5,2729.0,BW,아프리카
알바니아,3.0,,1.6,92.5,59118,2877797,169462,680.0,2685,17.0,996.0,996.0,알바니아,Albania,1732549.0,30.2,32.9,27.5,8351.0,AL,유럽
라트비아,59.0,-2.0,1.7,92.5,83921,1886198,158291,1208.0,2717,11.0,1282.0,1282.0,라트비아,Latvia,1635365.0,42.6,47.8,44.1,5554.0,LV,유럽
에스토니아,22.0,4.0,0.9,92.1,117793,1326535,156257,788.0,1357,5.0,627.0,627.0,에스토니아,Estonia,1367709.0,51.6,57.2,46.0,3109.0,EE,유럽
모잠비크,32.0,,1.3,97.5,4822,31255435,150662,90.0,1915,3.0,123.0,123.0,모잠비크,Mozambique,3644423.0,5.8,6.1,5.6,54234.0,MZ,아프리카
핀란드,25.0,,0.8,32.5,25548,5540720,141552,663.0,1062,,,,핀란드,Finland,7582431.0,68.7,74.9,62.5,20354.0,FI,유럽
몬테네그로,,,1.5,93.1,209371,628066,131020,520.0,1919,5.0,652.0,652.0,몬테네그로,Montenegro,457474.0,36.7,39.0,34.0,2163.0,ME,유럽
짐바브웨,12.0,,3.5,94.1,8802,14862924,130485,213.0,4616,1.0,138.0,138.0,짐바브웨,Zimbabwe,5320565.0,17.8,20.6,15.1,28149.0,ZW,아프리카
나미비아,9.0,-9.0,2.8,96.4,50214,2540905,127589,96.0,3511,17.0,178.0,178.0,나미비아,Namibia,407502.0,8.3,10.5,6.5,4761.0,,아프리카
가나,42.0,,0.9,96.4,4103,31072940,127016,,1150,,,,가나,Ghana,1653422.0,2.7,2.9,2.5,2050.0,GH,아프리카
우간다,268.0,,2.6,77.8,2702,45741007,123572,127.0,3156,4.0,14.0,14.0,우간다,Uganda,2058553.0,2.6,4.1,1.0,90201.0,UG,아프리카
캄보디아,,,2.1,91.3,6738,16718965,112651,978.0,2319,17.0,605.0,605.0,캄보디아,Cambodia,24090068.0,73.0,80.5,66.6,141465.0,KH,아시아
호주,301.0,,1.2,71.1,4123,25499884,105131,2402.0,1290,12.0,,,호주,Australia,27750500.0,54.4,64.3,43.3,281141.0,AU,오세아니아
엘살바도르,127.0,,3.1,83.2,16088,6486205,104348,,3234,12.0,,,엘살바도르,El Salvador,7525604.0,58.3,63.3,52.6,41734.0,SV,중남미
중국,,,4.8,94.2,67,1439323776,96128,22.0,4636,,63.0,63.0,중국,Mainland China,2208921000.0,78.9,82.5,74.8,3191143.0,CN,아시아
싱가포르,34.0,4.0,0.1,82.2,16498,5850342,94043,2268.0,93,8.0,1086.0,1086.0,싱가포르,Singapore,9353320.0,82.0,82.3,79.4,23587.0,SG,아시아
카메룬,152.0,,1.6,87.1,3477,26545863,92303,6889.0,1459,91.0,,,카메룬,Cameroon,461201.0,0.9,1.5,0.3,451.0,CM,아프리카
몰디브,23.0,,0.3,97.8,156896,540544,84720,141.0,231,,106.0,106.0,몰디브,Maldives,729253.0,98.0,105.4,90.7,725.0,MV,아시아
세네갈,6.0,-1.0,2.5,97.3,4406,16743927,73775,11.0,1858,,40.0,40.0,세네갈,Senegal,1784832.0,5.5,7.6,3.5,2395.0,SN,아프리카
말라위,67.0,,3.7,89.3,3218,19129952,61552,24.0,2281,2.0,260.0,260.0,말라위,Malawi,1087426.0,2.7,4.0,2.4,6568.0,MW,아프리카
콩고민주공화국,,,1.9,54.3,636,89561403,56862,,1084,,,,콩고민주공화국,DR Congo,134945.0,0.1,0.1,0.05,21.0,CD,아프리카
앙골라,37.0,29.0,2.7,84.1,1722,32866272,56583,543.0,1537,11.0,143.0,143.0,앙골라,Angola,3134137.0,5.2,7.1,3.3,44858.0,AO,아프리카
피지,10.0,,1.2,72.7,56917,896445,51023,151.0,624,3.0,356.0,356.0,피지,Fiji,1033997.0,57.8,68.0,47.6,8390.0,FJ,오세아니아
트리니다드 토바고,22.0,,2.9,88.8,36055,1399488,50459,230.0,1474,8.0,221.0,221.0,트리니다드 토바고,Trinidad and Tobago,1066324.0,38.2,41.5,35.4,4810.0,TT,중남미
수리남,16.0,-1.0,2.1,65.0,70605,586632,41419,430.0,879,9.0,15.0,15.0,수리남,Suriname,397606.0,33.3,38.1,28.5,1740.0,SR,중남미
수단,,,7.6,83.8,873,43849260,38256,11.0,2901,1.0,,,수단,Sudan,1704840.0,2.0,1.5,1.3,23888.0,SD,중동
모리타니,22.0,,2.2,96.1,7740,4649658,35989,47.0,774,1.0,103.0,103.0,모리타니,Mauritania,1118158.0,13.8,7.9,14.0,50829.0,MR,중동
가이아나,31.0,,2.5,84.6,40224,786552,31638,279.0,783,5.0,123.0,123.0,가이아나,Guyana,543180.0,34.6,45.5,23.7,1919.0,GY,중남미
기니,24.0,,1.2,94.8,2314,13132795,30392,10.0,378,,24.0,24.0,기니,Guinea,1732598.0,6.4,8.7,4.0,37511.0,GN,아프리카
가봉,26.0,,0.6,90.3,13261,2225734,29515,,183,,,,가봉,Gabon,180320.0,4.3,4.9,3.8,732.0,GA,아프리카
토고,,,0.9,90.3,3064,8278724,25368,45.0,228,1.0,167.0,167.0,토고,Togo,997632.0,6.2,7.4,5.0,23544.0,TG,아프리카
라오스,,,0.1,23.3,3278,7275560,23846,358.0,18,1.0,,,라오스,Laos,4402770.0,30.7,41.1,26.7,9906.0,LA,아시아
바하마,15.0,,2.5,88.1,53361,393244,20984,142.0,531,8.0,168.0,168.0,바하마,Bahamas,184461.0,24.2,30.0,18.4,10.0,BS,중남미
소말리아,,,5.6,47.7,1257,15893222,19980,,1111,,,,소말리아,Somalia,477075.0,1.6,1.7,1.5,7524.0,SO,아프리카
대만,,,5.2,84.7,681,23816775,16223,7.0,842,,,,대만,Taiwan,15441421.0,32.7,55.4,10.1,264522.0,TW,아시아
모리셔스,,,0.5,11.9,12341,1271768,15607,216.0,82,3.0,,,모리셔스,Mauritius,1633952.0,64.5,66.8,62.2,1155.0,MU,아프리카
아루바,7.0,,1.1,97.4,144915,106766,15472,24.0,166,,24.0,24.0,아루바,Aruba,156061.0,69.7,72.6,66.7,135.0,AW,중남미
안도라,4.0,,0.9,98.6,197010,77265,15209,17.0,130,,13.0,13.0,안도라,Andorra,95918.0,62.3,68.7,55.9,113.0,AD,유럽
말리,,,3.6,94.1,750,20250833,15194,11.0,548,,11.0,11.0,말리,Mali,405053.0,1.1,1.7,1.2,1800.0,ML,아프리카
니카라과,,,1.4,29.2,2181,6624554,14448,,204,,,,니카라과,Nicaragua,788502.0,6.0,7.7,4.4,2155.0,NI,중남미
레소토,,,2.8,47.4,6720,2142249,14395,,403,,,,레소토,Lesotho,332954.0,8.1,12.2,11.7,6246.0,LS,아프리카
지부티,,,1.3,95.2,12859,988000,12705,69.0,167,,46.0,46.0,지부티,Djibouti,67229.0,3.1,3.8,2.4,174.0,DJ,아프리카
홍콩,,,1.7,97.4,1630,7496981,12217,3.0,213,,4.0,4.0,홍콩,Hong Kong,8676555.0,57.7,59.7,55.6,28942.0,HK,아시아
적도 기니,1.0,,1.2,87.8,8811,1402985,12214,408.0,146,4.0,496.0,496.0,적도 기니,Equatorial Guinea,389970.0,14.3,16.5,12.1,410.0,GQ,아프리카
남수단,4.0,,1.1,96.8,1072,11193725,11995,14.0,128,,47.0,47.0,남수단,South Sudan,103751.0,0.4,0.6,0.2,783.0,SS,아프리카
아이슬란드,3.0,,0.3,96.7,34524,341243,11781,21.0,33,,26.0,26.0,아이슬란드,Iceland,554603.0,77.7,78.9,77.5,499.0,IS,유럽
감비아,3.0,,3.4,96.5,4111,2416668,9934,4.0,338,3.0,17.0,17.0,감비아,Gambia,207195.0,4.4,7.8,7.3,357.0,GM,아프리카
바베이도스,,,0.8,88.7,29164,287375,8180,199.0,69,,434.0,434.0,바베이도스,Barbados,236589.0,41.2,46.5,35.9,1330.0,BB,중남미
맨섬,1.0,,0.7,94.7,88718,85033,7544,34.0,51,,47.0,47.0,맨섬,Isle of Man,129319.0,76.1,77.0,75.1,3.0,IM,유럽
브루나이,34.0,-2.0,0.6,68.5,16266,437479,7116,166.0,42,2.0,153.0,153.0,브루나이,Brunei,474407.0,51.6,62.2,41.0,7171.0,BN,아시아
니제르,,,3.3,95.8,248,24206644,6008,12.0,201,,4.0,4.0,니제르,Niger,512294.0,1.1,1.7,0.5,9294.0,NE,아프리카
라이베리아,2.0,,4.9,94.2,1147,5057681,5797,3.0,285,2.0,,,라이베리아,Liberia,284246.0,3.1,2.3,0.6,8900.0,LR,아프리카
산마리노,2.0,,1.7,97.8,159972,33931,5428,,91,,,,산마리노,San Marino,47100.0,69.3,71.9,71.9,3.0,SM,유럽
버뮤다,1.0,,1.4,70.9,84203,62278,5244,99.0,72,10.0,106.0,106.0,버뮤다,Bermuda,86676.0,68.8,69.6,68.0,60.0,BM,중남미
그레나다,,,2.7,66.5,45680,112523,5140,101.0,139,4.0,56.0,56.0,그레나다,Grenada,55663.0,25.5,30.4,20.7,579.0,GD,중남미
뉴질랜드,5.0,,0.6,93.0,886,4822233,4273,25.0,27,,9.0,9.0,뉴질랜드,New Zealand,5174210.0,52.5,66.6,38.4,49094.0,NZ,오세아니아
모나코,2.0,,1.0,98.2,84450,39242,3313,1.0,33,,2.0,2.0,모나코,Monaco,49980.0,64.1,68.4,59.8,120.0,MC,유럽
부탄,,,0.1,99.7,3371,771608,2601,,3,,1.0,1.0,부탄,Bhutan,1081086.0,72.6,78.5,66.6,2112.0,BT,아시아
마카오,,,-,88.7,109,649335,71,,0,,,,마카오,Macau,667489.0,49.1,53.0,45.4,1992.0,MO,아시아
사모아,,,-,100.0,15,198414,3,,0,,,,사모아,Samoa,172316.0,42.9,57.1,28.7,3269.0,WS,오세아니아
